Epoch,Train Loss,Test Loss,Train Accuracy,Test Accuracy,Test Precision,Test Recall,Test F1-score,Fold
1,0.6715259013010868,0.6447106095833507,0.6527494908350305,0.6504065040650406,0.6504065040650406,1.0,0.7881773399014779,0
2,0.4932087179114037,0.31188074323704573,0.7128309572301426,0.991869918699187,0.9876543209876543,1.0,0.9937888198757764,0
3,0.27395632735580633,0.1923461548560034,0.9694501018329938,0.9878048780487805,0.9875776397515528,0.99375,0.9906542056074766,0
4,0.19736340522098444,0.1288500322801311,0.9694501018329938,0.9878048780487805,0.9875776397515528,0.99375,0.9906542056074766,0
5,0.16193827202964703,0.10247776433219755,0.9694501018329938,0.9878048780487805,0.9875776397515528,0.99375,0.9906542056074766,0
6,0.14827658656354833,0.08770584284774656,0.9694501018329938,0.9878048780487805,0.9875776397515528,0.99375,0.9906542056074766,0
7,0.14238133795878066,0.08071689977030444,0.9694501018329938,0.9878048780487805,0.9875776397515528,0.99375,0.9906542056074766,0
8,0.1395271280420045,0.0696078850244119,0.9694501018329938,0.991869918699187,0.9876543209876543,1.0,0.9937888198757764,0
9,0.1340510220003225,0.06572032380637115,0.9704684317718941,0.991869918699187,0.9876543209876543,1.0,0.9937888198757764,0
10,0.13169661641515443,0.06360425966663089,0.9714867617107943,0.991869918699187,0.9876543209876543,1.0,0.9937888198757764,0
11,0.1307439119868026,0.06184695203735576,0.9714867617107943,0.991869918699187,0.9876543209876543,1.0,0.9937888198757764,0
12,0.13026206759079653,0.06085004439441169,0.9714867617107943,0.991869918699187,0.9876543209876543,1.0,0.9937888198757764,0
13,0.12996015885120255,0.05985868149777738,0.9714867617107943,0.991869918699187,0.9876543209876543,1.0,0.9937888198757764,0
14,0.12979653442009162,0.059295669652339886,0.9714867617107943,0.991869918699187,0.9876543209876543,1.0,0.9937888198757764,0
15,0.12966946706691732,0.05891420407508447,0.9714867617107943,0.991869918699187,0.9876543209876543,1.0,0.9937888198757764,0
16,0.12945622248222288,0.05863345921705893,0.9714867617107943,0.991869918699187,0.9876543209876543,1.0,0.9937888198757764,0
17,0.12971713964480247,0.05771920675548112,0.9714867617107943,0.991869918699187,0.9876543209876543,1.0,0.9937888198757764,0
18,0.12945342861313197,0.05859388171778462,0.9714867617107943,0.991869918699187,0.9876543209876543,1.0,0.9937888198757764,0
19,0.12954570632996967,0.05755276950757678,0.9714867617107943,0.991869918699187,0.9876543209876543,1.0,0.9937888198757764,0
20,0.12945812999018583,0.05783448868044993,0.9714867617107943,0.991869918699187,0.9876543209876543,1.0,0.9937888198757764,0
21,0.12929556776756182,0.05812256822619981,0.9714867617107943,0.991869918699187,0.9876543209876543,1.0,0.9937888198757764,0
22,0.12927641547351407,0.057647988927073596,0.9714867617107943,0.991869918699187,0.9876543209876543,1.0,0.9937888198757764,0
23,0.1292125091161541,0.057015941909900524,0.9714867617107943,0.991869918699187,0.9876543209876543,1.0,0.9937888198757764,0
24,0.13049026171234862,0.057787328110477786,0.9704684317718941,0.991869918699187,0.9876543209876543,1.0,0.9937888198757764,0
25,0.1290428926314696,0.056586566767314585,0.9714867617107943,0.991869918699187,0.9876543209876543,1.0,0.9937888198757764,0
26,0.1291475278949422,0.057568242152531944,0.9714867617107943,0.991869918699187,0.9876543209876543,1.0,0.9937888198757764,0
27,0.1290084166896137,0.05706802423952556,0.9714867617107943,0.991869918699187,0.9876543209876543,1.0,0.9937888198757764,0
28,0.1289479936380129,0.057189191411423486,0.9714867617107943,0.991869918699187,0.9876543209876543,1.0,0.9937888198757764,0
29,0.12907539760265233,0.05596448938415303,0.9714867617107943,0.991869918699187,0.9876543209876543,1.0,0.9937888198757764,0
30,0.12888605062624103,0.056222530036437804,0.9714867617107943,0.991869918699187,0.9876543209876543,1.0,0.9937888198757764,0
31,0.12885939354900186,0.058288274469172084,0.9714867617107943,0.991869918699187,0.9876543209876543,1.0,0.9937888198757764,0
32,0.12882919452113314,0.056779174240139445,0.9714867617107943,0.991869918699187,0.9876543209876543,1.0,0.9937888198757764,0
33,0.12865214407170864,0.055954449136203864,0.9714867617107943,0.991869918699187,0.9876543209876543,1.0,0.9937888198757764,0
34,0.1288220918682345,0.05805613261049356,0.9714867617107943,0.991869918699187,0.9876543209876543,1.0,0.9937888198757764,0
35,0.128799932532756,0.05778214014400312,0.9714867617107943,0.991869918699187,0.9876543209876543,1.0,0.9937888198757764,0
36,0.12870827103280244,0.05881342125253949,0.9714867617107943,0.991869918699187,0.9876543209876543,1.0,0.9937888198757764,0
37,0.13098140555204418,0.05827390405584157,0.9704684317718941,0.991869918699187,0.9876543209876543,1.0,0.9937888198757764,0
38,0.12939664465043307,0.05726322113740735,0.9714867617107943,0.991869918699187,0.9876543209876543,1.0,0.9937888198757764,0
39,0.1285567303660445,0.05750948654078856,0.9714867617107943,0.991869918699187,0.9876543209876543,1.0,0.9937888198757764,0
40,0.12851052902365775,0.05696314240131921,0.9714867617107943,0.991869918699187,0.9876543209876543,1.0,0.9937888198757764,0
41,0.1283582221344872,0.05591928531847349,0.9714867617107943,0.991869918699187,0.9876543209876543,1.0,0.9937888198757764,0
42,0.12856407446100124,0.058029525860296034,0.9714867617107943,0.991869918699187,0.9876543209876543,1.0,0.9937888198757764,0
43,0.12940727240290273,0.05802523232693595,0.9714867617107943,0.991869918699187,0.9876543209876543,1.0,0.9937888198757764,0
44,0.12820043606786038,0.05628343807851396,0.9714867617107943,0.991869918699187,0.9876543209876543,1.0,0.9937888198757764,0
45,0.12850428123004326,0.05619058276458484,0.9714867617107943,0.991869918699187,0.9876543209876543,1.0,0.9937888198757764,0
46,0.12791228543231056,0.05421053581848377,0.9714867617107943,0.991869918699187,0.9876543209876543,1.0,0.9937888198757764,0
47,0.12852650597433574,0.0551679249762035,0.9714867617107943,0.991869918699187,0.9876543209876543,1.0,0.9937888198757764,0
48,0.1275644954483645,0.058504250415456975,0.9714867617107943,0.991869918699187,0.9876543209876543,1.0,0.9937888198757764,0
49,0.12836614449161377,0.05674143680712072,0.9714867617107943,0.991869918699187,0.9876543209876543,1.0,0.9937888198757764,0
50,0.12816172671293774,0.05677508841442868,0.9714867617107943,0.991869918699187,0.9876543209876543,1.0,0.9937888198757764,0
51,0.12725604283044878,0.055818811422441064,0.9714867617107943,0.991869918699187,0.9876543209876543,1.0,0.9937888198757764,0
52,0.12834678795909443,0.056599036616280796,0.9714867617107943,0.991869918699187,0.9876543209876543,1.0,0.9937888198757764,0
53,0.1273290645824309,0.05878508075829444,0.9714867617107943,0.991869918699187,0.9876543209876543,1.0,0.9937888198757764,0
54,0.12926121610700478,0.0557671395562044,0.9704684317718941,0.991869918699187,0.9876543209876543,1.0,0.9937888198757764,0
55,0.1267214645375545,0.055923606231202926,0.9714867617107943,0.991869918699187,0.9876543209876543,1.0,0.9937888198757764,0
56,0.12603837491417125,0.05432568054373672,0.9714867617107943,0.991869918699187,0.9876543209876543,1.0,0.9937888198757764,0
57,0.12526560561113104,0.058310578387927234,0.9714867617107943,0.991869918699187,0.9876543209876543,1.0,0.9937888198757764,0
58,0.1256408216147219,0.05394240759494828,0.9714867617107943,0.991869918699187,0.9876543209876543,1.0,0.9937888198757764,0
59,0.12528017737244515,0.056557444355836727,0.9714867617107943,0.991869918699187,0.9876543209876543,1.0,0.9937888198757764,0
60,0.12474096906342963,0.05621852544022769,0.9714867617107943,0.991869918699187,0.9876543209876543,1.0,0.9937888198757764,0
61,0.12495088731289639,0.053426498834922065,0.9714867617107943,0.991869918699187,0.9876543209876543,1.0,0.9937888198757764,0
62,0.12447779344929696,0.052581245427936074,0.9714867617107943,0.991869918699187,0.9876543209876543,1.0,0.9937888198757764,0
63,0.12391813899069842,0.05210592482632738,0.9704684317718941,0.991869918699187,0.9876543209876543,1.0,0.9937888198757764,0
64,0.12332257664100459,0.05193769686469218,0.9714867617107943,0.991869918699187,0.9876543209876543,1.0,0.9937888198757764,0
65,0.12219133092253612,0.05899572938801796,0.9714867617107943,0.991869918699187,0.9876543209876543,1.0,0.9937888198757764,0
66,0.12277412898610905,0.054666442054558576,0.9714867617107943,0.991869918699187,0.9876543209876543,1.0,0.9937888198757764,0
67,0.11972885853904935,0.05597998883302619,0.9714867617107943,0.991869918699187,0.9876543209876543,1.0,0.9937888198757764,0
68,0.12077677634956273,0.05425048274237935,0.9714867617107943,0.991869918699187,0.9876543209876543,1.0,0.9937888198757764,0
69,0.11996275255202397,0.04823453479060313,0.9714867617107943,0.991869918699187,0.9876543209876543,1.0,0.9937888198757764,0
70,0.11848875544889395,0.047799873037066884,0.9714867617107943,0.991869918699187,0.9876543209876543,1.0,0.9937888198757764,0
71,0.11613929312668604,0.0524343619713696,0.9714867617107943,0.991869918699187,0.9876543209876543,1.0,0.9937888198757764,0
72,0.1167628292237122,0.05274306801034183,0.9714867617107943,0.991869918699187,0.9876543209876543,1.0,0.9937888198757764,0
73,0.11562410246982958,0.05147461261509395,0.9714867617107943,0.991869918699187,0.9876543209876543,1.0,0.9937888198757764,0
74,0.11392103270068006,0.05137792736958197,0.9714867617107943,0.991869918699187,0.9876543209876543,1.0,0.9937888198757764,0
75,0.11245587673000308,0.04101276264442661,0.9714867617107943,0.991869918699187,0.9876543209876543,1.0,0.9937888198757764,0
76,0.11186308712108618,0.05431149159444541,0.9714867617107943,0.991869918699187,0.9876543209876543,1.0,0.9937888198757764,0
77,0.10977731915209783,0.04565702137968889,0.9714867617107943,0.991869918699187,0.9876543209876543,1.0,0.9937888198757764,0
78,0.10933577974920602,0.04806027781006282,0.9714867617107943,0.991869918699187,0.9876543209876543,1.0,0.9937888198757764,0
79,0.10942923456293867,0.04557184502482414,0.9714867617107943,0.991869918699187,0.9876543209876543,1.0,0.9937888198757764,0
80,0.10514213563020809,0.03808727981598397,0.9714867617107943,0.991869918699187,0.9876543209876543,1.0,0.9937888198757764,0
81,0.10567318738007618,0.052499745813448254,0.9714867617107943,0.991869918699187,0.9876543209876543,1.0,0.9937888198757764,0
82,0.10607141181598977,0.04544588963584444,0.9714867617107943,0.991869918699187,0.9876543209876543,1.0,0.9937888198757764,0
83,0.10252473597431863,0.04471259670922669,0.9714867617107943,0.991869918699187,0.9876543209876543,1.0,0.9937888198757764,0
84,0.10030251513415465,0.03693764927092849,0.9714867617107943,0.991869918699187,0.9876543209876543,1.0,0.9937888198757764,0
85,0.10216677661363013,0.045568533256892266,0.9714867617107943,0.991869918699187,0.9876543209876543,1.0,0.9937888198757764,0
86,0.10061986985864865,0.04690975674647626,0.9714867617107943,0.991869918699187,0.9876543209876543,1.0,0.9937888198757764,0
87,0.0999992777386684,0.047353420853311935,0.9714867617107943,0.991869918699187,0.9876543209876543,1.0,0.9937888198757764,0
88,0.10107118359912953,0.04303254128804779,0.9714867617107943,0.991869918699187,0.9876543209876543,1.0,0.9937888198757764,0
89,0.09794616300134698,0.04073772045624692,0.9714867617107943,0.991869918699187,0.9876543209876543,1.0,0.9937888198757764,0
90,0.09826517278848258,0.04287380611569416,0.9714867617107943,0.991869918699187,0.9876543209876543,1.0,0.9937888198757764,0
91,0.09890508927336596,0.042080483414475026,0.9714867617107943,0.991869918699187,0.9876543209876543,1.0,0.9937888198757764,0
92,0.09663714028709017,0.03505282493959355,0.9714867617107943,0.991869918699187,0.9876543209876543,1.0,0.9937888198757764,0
93,0.09691115805989249,0.04064117309947809,0.9714867617107943,0.991869918699187,0.9876543209876543,1.0,0.9937888198757764,0
94,0.09828538286960599,0.04503477419294962,0.9714867617107943,0.991869918699187,0.9876543209876543,1.0,0.9937888198757764,0
95,0.0983601000061346,0.04292608725240197,0.9714867617107943,0.991869918699187,0.9876543209876543,1.0,0.9937888198757764,0
96,0.09774801623296228,0.0418428281867286,0.9714867617107943,0.991869918699187,0.9876543209876543,1.0,0.9937888198757764,0
97,0.09750781779589089,0.04023320529594775,0.9714867617107943,0.991869918699187,0.9876543209876543,1.0,0.9937888198757764,0
98,0.09734319733330589,0.04144242589127242,0.9714867617107943,0.991869918699187,0.9876543209876543,1.0,0.9937888198757764,0
99,0.09693190125111195,0.04096607392184376,0.9714867617107943,0.991869918699187,0.9876543209876543,1.0,0.9937888198757764,0
100,0.096068329751575,0.040682269722162705,0.9714867617107943,0.991869918699187,0.9876543209876543,1.0,0.9937888198757764,0
1,0.6716006809727966,0.6274654555126904,0.6608961303462322,0.6504065040650406,0.6504065040650406,1.0,0.7881773399014779,1
2,0.4315796740459328,0.28922390404755505,0.8655804480651731,0.959349593495935,0.9573170731707317,0.98125,0.9691358024691358,1
3,0.20470820561567296,0.20692310506493095,0.9765784114052953,0.959349593495935,0.9573170731707317,0.98125,0.9691358024691358,1
4,0.14526589006155183,0.18137654286574542,0.9765784114052953,0.959349593495935,0.9573170731707317,0.98125,0.9691358024691358,1
5,0.1251294523507903,0.17464024164691205,0.9765784114052953,0.959349593495935,0.9573170731707317,0.98125,0.9691358024691358,1
6,0.11775609743904679,0.17300172412116838,0.9765784114052953,0.959349593495935,0.9573170731707317,0.98125,0.9691358024691358,1
7,0.11458713436867214,0.17272786187326036,0.9765784114052953,0.959349593495935,0.9573170731707317,0.98125,0.9691358024691358,1
8,0.11288347401771914,0.1732078266701078,0.9765784114052953,0.959349593495935,0.9573170731707317,0.98125,0.9691358024691358,1
9,0.11213281145983219,0.1737217807733431,0.9765784114052953,0.959349593495935,0.9573170731707317,0.98125,0.9691358024691358,1
10,0.11162331017481576,0.173888406496707,0.9765784114052953,0.959349593495935,0.9573170731707317,0.98125,0.9691358024691358,1
11,0.10806743112485666,0.16781451120003452,0.9775967413441955,0.959349593495935,0.9573170731707317,0.98125,0.9691358024691358,1
12,0.10679154832469956,0.1610537135019535,0.9775967413441955,0.9634146341463414,0.9575757575757575,0.9875,0.9723076923076923,1
13,0.10479102706320417,0.16102058060346094,0.9786150712830958,0.9634146341463414,0.9575757575757575,0.9875,0.9723076923076923,1
14,0.10417606005570311,0.16093801625254678,0.9786150712830958,0.9634146341463414,0.9575757575757575,0.9875,0.9723076923076923,1
15,0.10390888068771896,0.16107678897981723,0.9786150712830958,0.9634146341463414,0.9575757575757575,0.9875,0.9723076923076923,1
16,0.10383443639076897,0.16141074641448697,0.9786150712830958,0.9634146341463414,0.9575757575757575,0.9875,0.9723076923076923,1
17,0.10365110223016526,0.16125500205207646,0.9786150712830958,0.9634146341463414,0.9575757575757575,0.9875,0.9723076923076923,1
18,0.10360415704745625,0.16140339287315927,0.9786150712830958,0.9634146341463414,0.9575757575757575,0.9875,0.9723076923076923,1
19,0.10365643633753364,0.16128327844407014,0.9786150712830958,0.9634146341463414,0.9575757575757575,0.9875,0.9723076923076923,1
20,0.10366478925020778,0.16124125988018223,0.9786150712830958,0.9634146341463414,0.9575757575757575,0.9875,0.9723076923076923,1
21,0.10358321052917152,0.16149005675461234,0.9786150712830958,0.9634146341463414,0.9575757575757575,0.9875,0.9723076923076923,1
22,0.10351593289789868,0.1614332546790441,0.9786150712830958,0.9634146341463414,0.9575757575757575,0.9875,0.9723076923076923,1
23,0.10357734062111426,0.16134988401478867,0.9786150712830958,0.9634146341463414,0.9575757575757575,0.9875,0.9723076923076923,1
24,0.10351838948026816,0.16152184165832473,0.9786150712830958,0.9634146341463414,0.9575757575757575,0.9875,0.9723076923076923,1
25,0.10357591473021356,0.1619595936915981,0.9786150712830958,0.9634146341463414,0.9575757575757575,0.9875,0.9723076923076923,1
26,0.10356001057443939,0.1620241704934496,0.9786150712830958,0.9634146341463414,0.9575757575757575,0.9875,0.9723076923076923,1
27,0.10361756310777363,0.16356001642903661,0.9786150712830958,0.9634146341463414,0.9575757575757575,0.9875,0.9723076923076923,1
28,0.10359942689234516,0.16169867211786226,0.9786150712830958,0.9634146341463414,0.9575757575757575,0.9875,0.9723076923076923,1
29,0.10347667696094805,0.16204664804707697,0.9786150712830958,0.9634146341463414,0.9575757575757575,0.9875,0.9723076923076923,1
30,0.10360162391075049,0.16168491983013908,0.9786150712830958,0.9634146341463414,0.9575757575757575,0.9875,0.9723076923076923,1
31,0.10350773041942697,0.162038379083804,0.9786150712830958,0.9634146341463414,0.9575757575757575,0.9875,0.9723076923076923,1
32,0.10357354092743634,0.16127228203827773,0.9786150712830958,0.9634146341463414,0.9575757575757575,0.9875,0.9723076923076923,1
33,0.10354025232512694,0.16129438403418395,0.9786150712830958,0.9634146341463414,0.9575757575757575,0.9875,0.9723076923076923,1
34,0.10359133813765409,0.16188158838426678,0.9786150712830958,0.9634146341463414,0.9575757575757575,0.9875,0.9723076923076923,1
35,0.10355089622305028,0.1612633928293135,0.9786150712830958,0.9634146341463414,0.9575757575757575,0.9875,0.9723076923076923,1
36,0.10342967495049091,0.1613654327707562,0.9786150712830958,0.9634146341463414,0.9575757575757575,0.9875,0.9723076923076923,1
37,0.1034947850090848,0.16123192960290406,0.9786150712830958,0.9634146341463414,0.9575757575757575,0.9875,0.9723076923076923,1
38,0.10347794350653948,0.16137529791491786,0.9786150712830958,0.9634146341463414,0.9575757575757575,0.9875,0.9723076923076923,1
39,0.10367155326966598,0.16149573745887455,0.9786150712830958,0.9634146341463414,0.9575757575757575,0.9875,0.9723076923076923,1
40,0.10354000755610389,0.16177353517311374,0.9786150712830958,0.9634146341463414,0.9575757575757575,0.9875,0.9723076923076923,1
41,0.10353768724272912,0.16126815356859348,0.9786150712830958,0.9634146341463414,0.9575757575757575,0.9875,0.9723076923076923,1
42,0.10363453713126192,0.16174359771052027,0.9786150712830958,0.9634146341463414,0.9575757575757575,0.9875,0.9723076923076923,1
43,0.10345876816273221,0.16097889743684754,0.9786150712830958,0.9634146341463414,0.9575757575757575,0.9875,0.9723076923076923,1
44,0.10345309366549833,0.16132562778647838,0.9786150712830958,0.9634146341463414,0.9575757575757575,0.9875,0.9723076923076923,1
45,0.10339937063954513,0.16139700251623867,0.9786150712830958,0.9634146341463414,0.9575757575757575,0.9875,0.9723076923076923,1
46,0.10341853973533495,0.16122324761699855,0.9786150712830958,0.9634146341463414,0.9575757575757575,0.9875,0.9723076923076923,1
47,0.10347609357745244,0.16104680121066126,0.9786150712830958,0.9634146341463414,0.9575757575757575,0.9875,0.9723076923076923,1
48,0.10341743177254428,0.1610895185239189,0.9786150712830958,0.9634146341463414,0.9575757575757575,0.9875,0.9723076923076923,1
49,0.10330612036777004,0.16120666280631127,0.9786150712830958,0.9634146341463414,0.9575757575757575,0.9875,0.9723076923076923,1
50,0.10330766591939566,0.16129079149142514,0.9786150712830958,0.9634146341463414,0.9575757575757575,0.9875,0.9723076923076923,1
51,0.10337671009698492,0.16091850157675705,0.9786150712830958,0.9634146341463414,0.9575757575757575,0.9875,0.9723076923076923,1
52,0.10320834878854863,0.160891794062,0.9786150712830958,0.9634146341463414,0.9575757575757575,0.9875,0.9723076923076923,1
53,0.10330882954910063,0.16062989600790226,0.9786150712830958,0.9634146341463414,0.9575757575757575,0.9875,0.9723076923076923,1
54,0.10308324982262314,0.16069335233026405,0.9786150712830958,0.9634146341463414,0.9575757575757575,0.9875,0.9723076923076923,1
55,0.10302646766945932,0.16059656179229903,0.9786150712830958,0.9634146341463414,0.9575757575757575,0.9875,0.9723076923076923,1
56,0.10311973739847875,0.16027219233110668,0.9786150712830958,0.9634146341463414,0.9575757575757575,0.9875,0.9723076923076923,1
57,0.10281126915103549,0.15931063330149262,0.9786150712830958,0.9634146341463414,0.9575757575757575,0.9875,0.9723076923076923,1
58,0.1026366895212661,0.15987582248824883,0.9786150712830958,0.9634146341463414,0.9575757575757575,0.9875,0.9723076923076923,1
59,0.10256359890831707,0.15893450888191782,0.9786150712830958,0.9634146341463414,0.9575757575757575,0.9875,0.9723076923076923,1
60,0.10237010605557387,0.15801796195952872,0.9786150712830958,0.9634146341463414,0.9575757575757575,0.9875,0.9723076923076923,1
61,0.10195176908841201,0.15690937405073546,0.9786150712830958,0.9634146341463414,0.9575757575757575,0.9875,0.9723076923076923,1
62,0.1011930446836589,0.1559731711035337,0.9786150712830958,0.9634146341463414,0.9575757575757575,0.9875,0.9723076923076923,1
63,0.10046994928915486,0.15301805625601514,0.9786150712830958,0.9634146341463414,0.9575757575757575,0.9875,0.9723076923076923,1
64,0.1001746117757622,0.1517428341738092,0.9786150712830958,0.9634146341463414,0.9575757575757575,0.9875,0.9723076923076923,1
65,0.09953598214537208,0.14941173555647455,0.9775967413441955,0.9634146341463414,0.9575757575757575,0.9875,0.9723076923076923,1
66,0.09798879190035119,0.1473064702458498,0.9786150712830958,0.9634146341463414,0.9575757575757575,0.9875,0.9723076923076923,1
67,0.09717399259752266,0.1455905877992632,0.9786150712830958,0.9634146341463414,0.9575757575757575,0.9875,0.9723076923076923,1
68,0.09615583071018552,0.14025298792232826,0.9786150712830958,0.959349593495935,0.9573170731707317,0.98125,0.9691358024691358,1
69,0.09538699570823225,0.1432290821056056,0.9786150712830958,0.9634146341463414,0.9575757575757575,0.9875,0.9723076923076923,1
70,0.09419088352797837,0.13868990331524755,0.9786150712830958,0.9634146341463414,0.9575757575757575,0.9875,0.9723076923076923,1
71,0.09308683613121753,0.14135147753830363,0.9786150712830958,0.9634146341463414,0.9575757575757575,0.9875,0.9723076923076923,1
72,0.09212423867475841,0.13403041247369313,0.9786150712830958,0.9634146341463414,0.9575757575757575,0.9875,0.9723076923076923,1
73,0.09119838684827636,0.13318256679468038,0.9786150712830958,0.9634146341463414,0.9575757575757575,0.9875,0.9723076923076923,1
74,0.09029050678765883,0.1295691517946439,0.9786150712830958,0.9634146341463414,0.9575757575757575,0.9875,0.9723076923076923,1
75,0.08970913099401959,0.12691273226788857,0.9786150712830958,0.9634146341463414,0.9575757575757575,0.9875,0.9723076923076923,1
76,0.08804803155172927,0.1249348025890143,0.9786150712830958,0.9634146341463414,0.9575757575757575,0.9875,0.9723076923076923,1
77,0.08693281164707696,0.12292543959205712,0.9786150712830958,0.9634146341463414,0.9575757575757575,0.9875,0.9723076923076923,1
78,0.08633908195622159,0.12437208109663997,0.9786150712830958,0.9634146341463414,0.9575757575757575,0.9875,0.9723076923076923,1
79,0.08542209049371922,0.12154168924846785,0.9786150712830958,0.9634146341463414,0.9575757575757575,0.9875,0.9723076923076923,1
80,0.08459706014390207,0.11925800962419045,0.9786150712830958,0.9634146341463414,0.9575757575757575,0.9875,0.9723076923076923,1
81,0.08329854100798456,0.12159933398167293,0.9786150712830958,0.9634146341463414,0.9575757575757575,0.9875,0.9723076923076923,1
82,0.08338506138729891,0.11856051736579436,0.9786150712830958,0.9634146341463414,0.9575757575757575,0.9875,0.9723076923076923,1
83,0.08280741971065793,0.1163574306074742,0.9786150712830958,0.9634146341463414,0.9575757575757575,0.9875,0.9723076923076923,1
84,0.08180744428843897,0.1159253243500806,0.9786150712830958,0.9634146341463414,0.9575757575757575,0.9875,0.9723076923076923,1
85,0.08275527825821836,0.11461205152052689,0.9786150712830958,0.9634146341463414,0.9575757575757575,0.9875,0.9723076923076923,1
86,0.08119366715127288,0.11374804578206646,0.9786150712830958,0.9634146341463414,0.9575757575757575,0.9875,0.9723076923076923,1
87,0.08048375282064839,0.11360684203029406,0.9786150712830958,0.9634146341463414,0.9575757575757575,0.9875,0.9723076923076923,1
88,0.07970152555086675,0.11478714723276293,0.9786150712830958,0.9634146341463414,0.9575757575757575,0.9875,0.9723076923076923,1
89,0.08151463793055772,0.11460656701110122,0.9786150712830958,0.9634146341463414,0.9575757575757575,0.9875,0.9723076923076923,1
90,0.08071003676735457,0.11180330092859704,0.9786150712830958,0.9634146341463414,0.9575757575757575,0.9875,0.9723076923076923,1
91,0.07998236685482948,0.11148018365710731,0.9786150712830958,0.9634146341463414,0.9575757575757575,0.9875,0.9723076923076923,1
92,0.07986724833330014,0.11144677212280107,0.9786150712830958,0.9634146341463414,0.9575757575757575,0.9875,0.9723076923076923,1
93,0.07974793866860952,0.111178925718991,0.9786150712830958,0.9634146341463414,0.9575757575757575,0.9875,0.9723076923076923,1
94,0.07913301890296767,0.11096678268376405,0.9786150712830958,0.9634146341463414,0.9575757575757575,0.9875,0.9723076923076923,1
95,0.07898731080980216,0.10964482100264025,0.9786150712830958,0.9634146341463414,0.9575757575757575,0.9875,0.9723076923076923,1
96,0.07901889585288595,0.10963921311568862,0.9786150712830958,0.9634146341463414,0.9575757575757575,0.9875,0.9723076923076923,1
97,0.07903254114265901,0.11011879472061992,0.9786150712830958,0.9634146341463414,0.9575757575757575,0.9875,0.9723076923076923,1
98,0.07908653838193905,0.1099325987904113,0.9786150712830958,0.9634146341463414,0.9575757575757575,0.9875,0.9723076923076923,1
99,0.07799305108777967,0.1118786836353441,0.9786150712830958,0.9634146341463414,0.9575757575757575,0.9875,0.9723076923076923,1
100,0.07837508327342843,0.11298362782974614,0.9786150712830958,0.959349593495935,0.9573170731707317,0.98125,0.9691358024691358,1
1,0.6869574173404825,0.6178565151323148,0.5040733197556008,0.6544715447154471,0.6544715447154471,1.0,0.7911547911547911,2
2,0.39903203897223694,0.23100590524150105,0.9134419551934827,0.9796747967479674,0.9936708860759493,0.9751552795031055,0.9843260188087775,2
3,0.21201977375022263,0.14609667422567926,0.9714867617107943,0.9796747967479674,0.9936708860759493,0.9751552795031055,0.9843260188087775,2
4,0.16044376535595314,0.11457816263039906,0.9714867617107943,0.9796747967479674,0.9936708860759493,0.9751552795031055,0.9843260188087775,2
5,0.13555219767960414,0.1069959671032138,0.9735234215885947,0.9796747967479674,0.9936708860759493,0.9751552795031055,0.9843260188087775,2
6,0.1265794087102724,0.10085830892004617,0.9745417515274949,0.9796747967479674,0.9936708860759493,0.9751552795031055,0.9843260188087775,2
7,0.12224707532059514,0.10020869870374842,0.9745417515274949,0.9796747967479674,0.9936708860759493,0.9751552795031055,0.9843260188087775,2
8,0.12044980389098286,0.10043815933773673,0.9745417515274949,0.9796747967479674,0.9936708860759493,0.9751552795031055,0.9843260188087775,2
9,0.11922144835962784,0.10085662966215514,0.9745417515274949,0.9796747967479674,0.9936708860759493,0.9751552795031055,0.9843260188087775,2
10,0.11856647054313885,0.10158534875003303,0.9745417515274949,0.9796747967479674,0.9936708860759493,0.9751552795031055,0.9843260188087775,2
11,0.11848400035482318,0.10232576824785249,0.9745417515274949,0.9796747967479674,0.9936708860759493,0.9751552795031055,0.9843260188087775,2
12,0.11795029839284552,0.10290234039227168,0.9745417515274949,0.9796747967479674,0.9936708860759493,0.9751552795031055,0.9843260188087775,2
13,0.11785844504802873,0.10359188335818972,0.9745417515274949,0.9796747967479674,0.9936708860759493,0.9751552795031055,0.9843260188087775,2
14,0.11794225292284109,0.10495197439823693,0.9745417515274949,0.9796747967479674,0.9936708860759493,0.9751552795031055,0.9843260188087775,2
15,0.11704697921614175,0.10508947870959111,0.9745417515274949,0.9796747967479674,0.9936708860759493,0.9751552795031055,0.9843260188087775,2
16,0.11702601154109125,0.10461326373544166,0.9745417515274949,0.9796747967479674,0.9936708860759493,0.9751552795031055,0.9843260188087775,2
17,0.11632457122115643,0.10552053695650605,0.9745417515274949,0.9796747967479674,0.9936708860759493,0.9751552795031055,0.9843260188087775,2
18,0.11525011498503797,0.1053018620828303,0.9745417515274949,0.9796747967479674,0.9936708860759493,0.9751552795031055,0.9843260188087775,2
19,0.11499249513304646,0.10511443963864954,0.9735234215885947,0.9796747967479674,0.9936708860759493,0.9751552795031055,0.9843260188087775,2
20,0.11241509600745442,0.10899930871356793,0.9745417515274949,0.9796747967479674,0.9936708860759493,0.9751552795031055,0.9843260188087775,2
21,0.10995082237782401,0.1045294976755371,0.9745417515274949,0.9796747967479674,0.9936708860759493,0.9751552795031055,0.9843260188087775,2
22,0.1078189114097301,0.10590222356765251,0.9735234215885947,0.9796747967479674,0.9936708860759493,0.9751552795031055,0.9843260188087775,2
23,0.1046776105545446,0.1042716404105105,0.9735234215885947,0.9796747967479674,0.9936708860759493,0.9751552795031055,0.9843260188087775,2
24,0.10012363888277784,0.10381508109773077,0.9745417515274949,0.9796747967479674,0.9936708860759493,0.9751552795031055,0.9843260188087775,2
25,0.09747639208531307,0.10341409811886346,0.9745417515274949,0.9796747967479674,0.9936708860759493,0.9751552795031055,0.9843260188087775,2
26,0.09563499461487694,0.10294125666766148,0.9745417515274949,0.9796747967479674,0.9936708860759493,0.9751552795031055,0.9843260188087775,2
27,0.09337742322801694,0.10331688698653768,0.9745417515274949,0.9796747967479674,0.9936708860759493,0.9751552795031055,0.9843260188087775,2
28,0.09158552404257891,0.10172820162421804,0.9745417515274949,0.9796747967479674,0.9936708860759493,0.9751552795031055,0.9843260188087775,2
29,0.09132324378603648,0.1020189646056028,0.9745417515274949,0.9796747967479674,0.9936708860759493,0.9751552795031055,0.9843260188087775,2
30,0.0901905251439289,0.10182622838311078,0.9745417515274949,0.9796747967479674,0.9936708860759493,0.9751552795031055,0.9843260188087775,2
31,0.08923299822296242,0.10081209429365591,0.9745417515274949,0.9796747967479674,0.9936708860759493,0.9751552795031055,0.9843260188087775,2
32,0.08862794545913483,0.10060474622570645,0.9745417515274949,0.9796747967479674,0.9936708860759493,0.9751552795031055,0.9843260188087775,2
33,0.0879991977435751,0.10040595028095128,0.9745417515274949,0.9796747967479674,0.9936708860759493,0.9751552795031055,0.9843260188087775,2
34,0.08793273444862205,0.09976360167005682,0.9745417515274949,0.9796747967479674,0.9936708860759493,0.9751552795031055,0.9843260188087775,2
35,0.08755605118519906,0.09993571733556143,0.9745417515274949,0.9796747967479674,0.9936708860759493,0.9751552795031055,0.9843260188087775,2
36,0.08726771881561081,0.10039984362911646,0.9745417515274949,0.9796747967479674,0.9936708860759493,0.9751552795031055,0.9843260188087775,2
37,0.08618515685519351,0.09908627820905389,0.9745417515274949,0.9796747967479674,0.9936708860759493,0.9751552795031055,0.9843260188087775,2
38,0.0870211697553423,0.09983573676791133,0.9745417515274949,0.9796747967479674,0.9936708860759493,0.9751552795031055,0.9843260188087775,2
39,0.08644349441736511,0.09920916685879957,0.9745417515274949,0.9796747967479674,0.9936708860759493,0.9751552795031055,0.9843260188087775,2
40,0.0863766573851287,0.09945586275279038,0.9745417515274949,0.9796747967479674,0.9936708860759493,0.9751552795031055,0.9843260188087775,2
41,0.0853677833976334,0.09957367893898995,0.9745417515274949,0.9796747967479674,0.9936708860759493,0.9751552795031055,0.9843260188087775,2
42,0.08594851537518461,0.09825118179470907,0.9745417515274949,0.9796747967479674,0.9936708860759493,0.9751552795031055,0.9843260188087775,2
43,0.08511555533526112,0.09922575950622559,0.9745417515274949,0.9796747967479674,0.9936708860759493,0.9751552795031055,0.9843260188087775,2
44,0.0846497269552163,0.09933870569689245,0.9745417515274949,0.9796747967479674,0.9936708860759493,0.9751552795031055,0.9843260188087775,2
45,0.0850986003896597,0.09825630051015717,0.9745417515274949,0.9796747967479674,0.9936708860759493,0.9751552795031055,0.9843260188087775,2
46,0.08505520901439784,0.09773737149752253,0.9745417515274949,0.9796747967479674,0.9936708860759493,0.9751552795031055,0.9843260188087775,2
47,0.08364128238804137,0.09792180316204704,0.9745417515274949,0.9796747967479674,0.9936708860759493,0.9751552795031055,0.9843260188087775,2
48,0.08501943858632488,0.09829072964688142,0.9745417515274949,0.9796747967479674,0.9936708860759493,0.9751552795031055,0.9843260188087775,2
49,0.08370772045761984,0.10507537795579046,0.9745417515274949,0.9796747967479674,0.9936708860759493,0.9751552795031055,0.9843260188087775,2
50,0.08371808407107433,0.09851288526296252,0.9745417515274949,0.9796747967479674,0.9936708860759493,0.9751552795031055,0.9843260188087775,2
51,0.08320060758443659,0.09712887084399296,0.9745417515274949,0.9796747967479674,0.9936708860759493,0.9751552795031055,0.9843260188087775,2
52,0.083012455780355,0.09805979150748713,0.9745417515274949,0.9796747967479674,0.9936708860759493,0.9751552795031055,0.9843260188087775,2
53,0.08264143702189027,0.09760839981594827,0.9745417515274949,0.9796747967479674,0.9936708860759493,0.9751552795031055,0.9843260188087775,2
54,0.08288529713765212,0.09647451787505572,0.9745417515274949,0.9796747967479674,0.9936708860759493,0.9751552795031055,0.9843260188087775,2
55,0.08297061625405266,0.10052387586726648,0.9745417515274949,0.9796747967479674,0.9936708860759493,0.9751552795031055,0.9843260188087775,2
56,0.08248027903170091,0.10817865125562359,0.9745417515274949,0.9796747967479674,0.9936708860759493,0.9751552795031055,0.9843260188087775,2
57,0.082864284884306,0.09723891186853492,0.9745417515274949,0.9796747967479674,0.9936708860759493,0.9751552795031055,0.9843260188087775,2
58,0.08217712866081694,0.09763658472253539,0.9745417515274949,0.9796747967479674,0.9936708860759493,0.9751552795031055,0.9843260188087775,2
59,0.08208224386481337,0.09772758750903715,0.9745417515274949,0.9796747967479674,0.9936708860759493,0.9751552795031055,0.9843260188087775,2
60,0.08181711172878499,0.09712764264341837,0.9745417515274949,0.9796747967479674,0.9936708860759493,0.9751552795031055,0.9843260188087775,2
61,0.08232416694674663,0.0994177410886358,0.9745417515274949,0.9796747967479674,0.9936708860759493,0.9751552795031055,0.9843260188087775,2
62,0.08093382619879001,0.09737000926170589,0.9745417515274949,0.9796747967479674,0.9936708860759493,0.9751552795031055,0.9843260188087775,2
63,0.07996866171620028,0.09804362269890744,0.9745417515274949,0.9796747967479674,0.9936708860759493,0.9751552795031055,0.9843260188087775,2
64,0.0809806680407322,0.09270786079464526,0.9745417515274949,0.9796747967479674,0.9936708860759493,0.9751552795031055,0.9843260188087775,2
65,0.07973788417885251,0.09346460676903466,0.9745417515274949,0.9796747967479674,0.9936708860759493,0.9751552795031055,0.9843260188087775,2
66,0.079898773643706,0.09540091660365886,0.9745417515274949,0.9796747967479674,0.9936708860759493,0.9751552795031055,0.9843260188087775,2
67,0.07929893257048991,0.09416073269203185,0.9745417515274949,0.9796747967479674,0.9936708860759493,0.9751552795031055,0.9843260188087775,2
68,0.07826536368387096,0.09570311324110603,0.9745417515274949,0.9796747967479674,0.9936708860759493,0.9751552795031055,0.9843260188087775,2
69,0.07819304113084727,0.09426061002484606,0.9745417515274949,0.9796747967479674,0.9936708860759493,0.9751552795031055,0.9843260188087775,2
70,0.0770914008150488,0.09090183167794068,0.9745417515274949,0.9796747967479674,0.9936708860759493,0.9751552795031055,0.9843260188087775,2
71,0.07671390312947636,0.09363505779008373,0.9745417515274949,0.9796747967479674,0.9936708860759493,0.9751552795031055,0.9843260188087775,2
72,0.07738243975741087,0.0903111609509139,0.9745417515274949,0.9796747967479674,0.9936708860759493,0.9751552795031055,0.9843260188087775,2
73,0.07595529995053484,0.09744058390587144,0.9745417515274949,0.9796747967479674,0.9936708860759493,0.9751552795031055,0.9843260188087775,2
74,0.07556324136062181,0.09122686746257652,0.9745417515274949,0.9796747967479674,0.9936708860759493,0.9751552795031055,0.9843260188087775,2
75,0.0754730077341859,0.09177751877966027,0.9745417515274949,0.9796747967479674,0.9936708860759493,0.9751552795031055,0.9843260188087775,2
76,0.07486378360073065,0.09736323357007004,0.9745417515274949,0.9796747967479674,0.9936708860759493,0.9751552795031055,0.9843260188087775,2
77,0.0741452972434059,0.08821161769754518,0.9745417515274949,0.9796747967479674,0.9936708860759493,0.9751552795031055,0.9843260188087775,2
78,0.07336206636163965,0.09092117382622347,0.9745417515274949,0.9796747967479674,0.9936708860759493,0.9751552795031055,0.9843260188087775,2
79,0.07241399078620427,0.0900357094426768,0.9745417515274949,0.9796747967479674,0.9936708860759493,0.9751552795031055,0.9843260188087775,2
80,0.07606890448416505,0.08861267157239704,0.9745417515274949,0.9796747967479674,0.9936708860759493,0.9751552795031055,0.9843260188087775,2
81,0.07225833412984389,0.08645113821073276,0.9745417515274949,0.9796747967479674,0.9936708860759493,0.9751552795031055,0.9843260188087775,2
82,0.07599798886744635,0.09737888620636327,0.9735234215885947,0.9796747967479674,0.9936708860759493,0.9751552795031055,0.9843260188087775,2
83,0.07207246000410006,0.09303809625354058,0.9745417515274949,0.9796747967479674,0.9936708860759493,0.9751552795031055,0.9843260188087775,2
84,0.07320026355077629,0.08797850434448783,0.9745417515274949,0.9796747967479674,0.9936708860759493,0.9751552795031055,0.9843260188087775,2
85,0.07201540391880815,0.08693056298245684,0.9745417515274949,0.9796747967479674,0.9936708860759493,0.9751552795031055,0.9843260188087775,2
86,0.07158732754126183,0.09093699082675413,0.9745417515274949,0.9796747967479674,0.9936708860759493,0.9751552795031055,0.9843260188087775,2
87,0.07108272585682116,0.09609778903848756,0.9745417515274949,0.9796747967479674,0.9936708860759493,0.9751552795031055,0.9843260188087775,2
88,0.07329758850463083,0.09047483203164113,0.9745417515274949,0.9796747967479674,0.9936708860759493,0.9751552795031055,0.9843260188087775,2
89,0.07081906974947273,0.09039681738647594,0.9745417515274949,0.9796747967479674,0.9936708860759493,0.9751552795031055,0.9843260188087775,2
90,0.07407151533683379,0.08502824234916276,0.9755600814663951,0.9796747967479674,0.9936708860759493,0.9751552795031055,0.9843260188087775,2
91,0.07274975258071742,0.09205689861219589,0.9745417515274949,0.9796747967479674,0.9936708860759493,0.9751552795031055,0.9843260188087775,2
92,0.07168980391365105,0.09330896930049772,0.9755600814663951,0.9796747967479674,0.9936708860759493,0.9751552795031055,0.9843260188087775,2
93,0.07029282645907542,0.10312846386275155,0.9755600814663951,0.975609756097561,1.0,0.9627329192546584,0.9810126582278481,2
94,0.07045096054966249,0.08724465403361321,0.9765784114052953,0.9796747967479674,0.9936708860759493,0.9751552795031055,0.9843260188087775,2
95,0.07186834685966305,0.08986740350549118,0.9745417515274949,0.9796747967479674,0.9936708860759493,0.9751552795031055,0.9843260188087775,2
96,0.07045423835463814,0.09024566311646647,0.9735234215885947,0.9796747967479674,0.9936708860759493,0.9751552795031055,0.9843260188087775,2
97,0.07432868771203803,0.09527834831089599,0.9745417515274949,0.9796747967479674,0.9936708860759493,0.9751552795031055,0.9843260188087775,2
98,0.06888096583065863,0.10182499218963056,0.9745417515274949,0.9796747967479674,1.0,0.968944099378882,0.9842271293375394,2
99,0.07167344526368784,0.09161454326533751,0.9745417515274949,0.9796747967479674,0.9936708860759493,0.9751552795031055,0.9843260188087775,2
100,0.07033276777214688,0.09033863554515581,0.9755600814663951,0.9796747967479674,0.9936708860759493,0.9751552795031055,0.9843260188087775,2
1,0.6686884081739618,0.6452245692817532,0.6520854526958291,0.6530612244897959,0.6530612244897959,1.0,0.7901234567901234,3
2,0.48846102949319026,0.31591903299701457,0.7487283825025433,0.9714285714285714,0.9693251533742331,0.9875,0.978328173374613,3
3,0.24431527449180004,0.20311530813270687,0.9735503560528993,0.9714285714285714,0.9693251533742331,0.9875,0.978328173374613,3
4,0.1675043224318224,0.1612803484864381,0.9745676500508647,0.9714285714285714,0.9693251533742331,0.9875,0.978328173374613,3
5,0.1356946569796375,0.14342238176233915,0.9766022380467956,0.9714285714285714,0.9693251533742331,0.9875,0.978328173374613,3
6,0.12283960111734826,0.136180902166026,0.9766022380467956,0.9714285714285714,0.9693251533742331,0.9875,0.978328173374613,3
7,0.11714687885096939,0.13292157033420338,0.9766022380467956,0.9714285714285714,0.9693251533742331,0.9875,0.978328173374613,3
8,0.11439251293364765,0.13134991660410045,0.9766022380467956,0.9714285714285714,0.9693251533742331,0.9875,0.978328173374613,3
9,0.1129661593605155,0.13070228850963164,0.9766022380467956,0.9714285714285714,0.9693251533742331,0.9875,0.978328173374613,3
10,0.11214540259664384,0.13027121542515804,0.9766022380467956,0.9714285714285714,0.9693251533742331,0.9875,0.978328173374613,3
11,0.11170778199765047,0.13012150510841486,0.9766022380467956,0.9714285714285714,0.9693251533742331,0.9875,0.978328173374613,3
12,0.11157883176938199,0.13007294362296865,0.9766022380467956,0.9714285714285714,0.9693251533742331,0.9875,0.978328173374613,3
13,0.11135359877760267,0.12998441985371162,0.9766022380467956,0.9714285714285714,0.9693251533742331,0.9875,0.978328173374613,3
14,0.11120435426301595,0.12994235926592837,0.9766022380467956,0.9714285714285714,0.9693251533742331,0.9875,0.978328173374613,3
15,0.11129171027596339,0.13000845699285973,0.9766022380467956,0.9714285714285714,0.9693251533742331,0.9875,0.978328173374613,3
16,0.11114151609089465,0.12998196977589813,0.9766022380467956,0.9714285714285714,0.9693251533742331,0.9875,0.978328173374613,3
17,0.11112739001936066,0.13011782345723133,0.9766022380467956,0.9714285714285714,0.9693251533742331,0.9875,0.978328173374613,3
18,0.11107916003690003,0.13009489780025824,0.9766022380467956,0.9714285714285714,0.9693251533742331,0.9875,0.978328173374613,3
19,0.11110260704435627,0.12998122467222262,0.9766022380467956,0.9714285714285714,0.9693251533742331,0.9875,0.978328173374613,3
20,0.11557014904052232,0.12988050346623878,0.9755849440488301,0.9714285714285714,0.9693251533742331,0.9875,0.978328173374613,3
21,0.11119863540237336,0.12988953892217606,0.9766022380467956,0.9714285714285714,0.9693251533742331,0.9875,0.978328173374613,3
22,0.11091302248856787,0.12988650484808853,0.9766022380467956,0.9714285714285714,0.9693251533742331,0.9875,0.978328173374613,3
23,0.1109818780258495,0.1299846754542419,0.9766022380467956,0.9714285714285714,0.9693251533742331,0.9875,0.978328173374613,3
24,0.11110914501788839,0.12980071362488124,0.9766022380467956,0.9714285714285714,0.9693251533742331,0.9875,0.978328173374613,3
25,0.11102577386611537,0.1298022145443425,0.9766022380467956,0.9714285714285714,0.9693251533742331,0.9875,0.978328173374613,3
26,0.11090905393643394,0.12993846409478965,0.9766022380467956,0.9714285714285714,0.9693251533742331,0.9875,0.978328173374613,3
27,0.11091804157067109,0.12983504678217733,0.9766022380467956,0.9714285714285714,0.9693251533742331,0.9875,0.978328173374613,3
28,0.1109882953537899,0.12981925174898032,0.9766022380467956,0.9714285714285714,0.9693251533742331,0.9875,0.978328173374613,3
29,0.11099750640312264,0.12981132124455608,0.9766022380467956,0.9714285714285714,0.9693251533742331,0.9875,0.978328173374613,3
30,0.11114913490454033,0.12979785332418217,0.9766022380467956,0.9714285714285714,0.9693251533742331,0.9875,0.978328173374613,3
31,0.11097895551287207,0.12973219189716845,0.9766022380467956,0.9714285714285714,0.9693251533742331,0.9875,0.978328173374613,3
32,0.11134877071989699,0.12974930794871584,0.9766022380467956,0.9714285714285714,0.9693251533742331,0.9875,0.978328173374613,3
33,0.1109219681592857,0.12978188496615206,0.9766022380467956,0.9714285714285714,0.9693251533742331,0.9875,0.978328173374613,3
34,0.11107147596245925,0.12982842012935755,0.9766022380467956,0.9714285714285714,0.9693251533742331,0.9875,0.978328173374613,3
35,0.11091663008546296,0.12987798737476067,0.9766022380467956,0.9714285714285714,0.9693251533742331,0.9875,0.978328173374613,3
36,0.11088554053126795,0.129694229242753,0.9766022380467956,0.9714285714285714,0.9693251533742331,0.9875,0.978328173374613,3
37,0.111011211848453,0.1298070910025616,0.9766022380467956,0.9714285714285714,0.9693251533742331,0.9875,0.978328173374613,3
38,0.11091440469822406,0.12993761370984874,0.9766022380467956,0.9714285714285714,0.9693251533742331,0.9875,0.978328173374613,3
39,0.11094116955230038,0.12998157234824434,0.9766022380467956,0.9714285714285714,0.9693251533742331,0.9875,0.978328173374613,3
40,0.11088627224194979,0.1298035570097213,0.9766022380467956,0.9714285714285714,0.9693251533742331,0.9875,0.978328173374613,3
41,0.1109138605898267,0.12990649979637595,0.9766022380467956,0.9714285714285714,0.9693251533742331,0.9875,0.978328173374613,3
42,0.11097373798989812,0.1296501594918723,0.9766022380467956,0.9714285714285714,0.9693251533742331,0.9875,0.978328173374613,3
43,0.11070159784994739,0.1296010225479092,0.9766022380467956,0.9714285714285714,0.9693251533742331,0.9875,0.978328173374613,3
44,0.11089833675185455,0.1297519613969691,0.9766022380467956,0.9714285714285714,0.9693251533742331,0.9875,0.978328173374613,3
45,0.11105514617138453,0.12977572499337245,0.9766022380467956,0.9714285714285714,0.9693251533742331,0.9875,0.978328173374613,3
46,0.11086297154024864,0.12952417808071692,0.9766022380467956,0.9714285714285714,0.9693251533742331,0.9875,0.978328173374613,3
47,0.11116075317355466,0.12957706835348995,0.9766022380467956,0.9714285714285714,0.9693251533742331,0.9875,0.978328173374613,3
48,0.11073831226468268,0.13035034851304123,0.9766022380467956,0.9714285714285714,0.9693251533742331,0.9875,0.978328173374613,3
49,0.11083786899180342,0.12973536750187678,0.9766022380467956,0.9714285714285714,0.9693251533742331,0.9875,0.978328173374613,3
50,0.11122029185454273,0.12961990639415322,0.9766022380467956,0.9714285714285714,0.9693251533742331,0.9875,0.978328173374613,3
51,0.11087747175333641,0.12960981399733193,0.9766022380467956,0.9714285714285714,0.9693251533742331,0.9875,0.978328173374613,3
52,0.11094227434531051,0.1296912869172437,0.9766022380467956,0.9714285714285714,0.9693251533742331,0.9875,0.978328173374613,3
53,0.1108475328533932,0.1297445465487485,0.9766022380467956,0.9714285714285714,0.9693251533742331,0.9875,0.978328173374613,3
54,0.11106879869902304,0.12965317607990334,0.9766022380467956,0.9714285714285714,0.9693251533742331,0.9875,0.978328173374613,3
55,0.11089575057991402,0.13045606632165763,0.9766022380467956,0.9714285714285714,0.9693251533742331,0.9875,0.978328173374613,3
56,0.1108673110619445,0.12975889976535523,0.9766022380467956,0.9714285714285714,0.9693251533742331,0.9875,0.978328173374613,3
57,0.11061957922867392,0.12945969872632807,0.9766022380467956,0.9714285714285714,0.9693251533742331,0.9875,0.978328173374613,3
58,0.11087256873126917,0.12943784404469996,0.9766022380467956,0.9714285714285714,0.9693251533742331,0.9875,0.978328173374613,3
59,0.11107628481578184,0.12960293730910943,0.9766022380467956,0.9714285714285714,0.9693251533742331,0.9875,0.978328173374613,3
60,0.11061631273269835,0.12966153246863765,0.9766022380467956,0.9714285714285714,0.9693251533742331,0.9875,0.978328173374613,3
61,0.11060827240605563,0.12998000101319382,0.9766022380467956,0.9714285714285714,0.9693251533742331,0.9875,0.978328173374613,3
62,0.11120178813677535,0.12970725598992133,0.9766022380467956,0.9714285714285714,0.9693251533742331,0.9875,0.978328173374613,3
63,0.1108604552468715,0.12943139237408735,0.9766022380467956,0.9714285714285714,0.9693251533742331,0.9875,0.978328173374613,3
64,0.1111185326963845,0.12974224850839497,0.9766022380467956,0.9714285714285714,0.9693251533742331,0.9875,0.978328173374613,3
65,0.11071719132394114,0.13038633508341654,0.9766022380467956,0.9714285714285714,0.9693251533742331,0.9875,0.978328173374613,3
66,0.11119458313731975,0.12956409216383283,0.9766022380467956,0.9714285714285714,0.9693251533742331,0.9875,0.978328173374613,3
67,0.1109647146622259,0.1295335210707723,0.9766022380467956,0.9714285714285714,0.9693251533742331,0.9875,0.978328173374613,3
68,0.11054412002882723,0.13039020359972303,0.9766022380467956,0.9714285714285714,0.9693251533742331,0.9875,0.978328173374613,3
69,0.11098870108072718,0.12966756546983912,0.9766022380467956,0.9714285714285714,0.9693251533742331,0.9875,0.978328173374613,3
70,0.11095000729950132,0.1294242700295789,0.9766022380467956,0.9714285714285714,0.9693251533742331,0.9875,0.978328173374613,3
71,0.11112021602356725,0.1295206682946609,0.9766022380467956,0.9714285714285714,0.9693251533742331,0.9875,0.978328173374613,3
72,0.11096426346438766,0.12933086272405117,0.9766022380467956,0.9714285714285714,0.9693251533742331,0.9875,0.978328173374613,3
73,0.11096598907532067,0.1292993269480613,0.9766022380467956,0.9714285714285714,0.9693251533742331,0.9875,0.978328173374613,3
74,0.11079586739912402,0.12933273836210066,0.9766022380467956,0.9714285714285714,0.9693251533742331,0.9875,0.978328173374613,3
75,0.11080669605439399,0.12948381343514334,0.9766022380467956,0.9714285714285714,0.9693251533742331,0.9875,0.978328173374613,3
76,0.11054177931486227,0.1296358681378924,0.9766022380467956,0.9714285714285714,0.9693251533742331,0.9875,0.978328173374613,3
77,0.11162259473085465,0.12966719944866337,0.9766022380467956,0.9714285714285714,0.9693251533742331,0.9875,0.978328173374613,3
78,0.11097161777294785,0.1294159492515788,0.9766022380467956,0.9714285714285714,0.9693251533742331,0.9875,0.978328173374613,3
79,0.1106220131165832,0.129361443160748,0.9766022380467956,0.9714285714285714,0.9693251533742331,0.9875,0.978328173374613,3
80,0.1107100426661853,0.12952920844664378,0.9766022380467956,0.9714285714285714,0.9693251533742331,0.9875,0.978328173374613,3
81,0.11066642192136478,0.12950639645664058,0.9766022380467956,0.9714285714285714,0.9693251533742331,0.9875,0.978328173374613,3
82,0.11043342023269327,0.12931135075584965,0.9766022380467956,0.9714285714285714,0.9693251533742331,0.9875,0.978328173374613,3
83,0.1107071189954498,0.12920695609432095,0.9766022380467956,0.9714285714285714,0.9693251533742331,0.9875,0.978328173374613,3
84,0.11034998256572932,0.12920022961892644,0.9766022380467956,0.9714285714285714,0.9693251533742331,0.9875,0.978328173374613,3
85,0.1108332062755936,0.12908305571395523,0.9766022380467956,0.9714285714285714,0.9693251533742331,0.9875,0.978328173374613,3
86,0.11049138367865784,0.12925610202459656,0.9766022380467956,0.9714285714285714,0.9693251533742331,0.9875,0.978328173374613,3
87,0.11074471422722175,0.12903340096224328,0.9766022380467956,0.9714285714285714,0.9693251533742331,0.9875,0.978328173374613,3
88,0.11050274401205845,0.12909419319155266,0.9766022380467956,0.9714285714285714,0.9693251533742331,0.9875,0.978328173374613,3
89,0.11094771185937212,0.12963238343292352,0.9766022380467956,0.9714285714285714,0.9693251533742331,0.9875,0.978328173374613,3
90,0.11092625786327698,0.12942001704810832,0.9766022380467956,0.9714285714285714,0.9693251533742331,0.9875,0.978328173374613,3
91,0.11056690517005757,0.12912020084961337,0.9766022380467956,0.9714285714285714,0.9693251533742331,0.9875,0.978328173374613,3
92,0.11029787583888669,0.1288812056868052,0.9766022380467956,0.9714285714285714,0.9693251533742331,0.9875,0.978328173374613,3
93,0.11081615786351423,0.12955686040982908,0.9766022380467956,0.9714285714285714,0.9693251533742331,0.9875,0.978328173374613,3
94,0.1134659847129034,0.1294990030934616,0.9745676500508647,0.9714285714285714,0.9693251533742331,0.9875,0.978328173374613,3
95,0.1108706358247953,0.12928624782635242,0.9766022380467956,0.9714285714285714,0.9693251533742331,0.9875,0.978328173374613,3
96,0.1104533426171796,0.12899343287002069,0.9766022380467956,0.9714285714285714,0.9693251533742331,0.9875,0.978328173374613,3
97,0.11056595375441158,0.12893992768866674,0.9766022380467956,0.9714285714285714,0.9693251533742331,0.9875,0.978328173374613,3
98,0.11023476548182151,0.1290625253122072,0.9766022380467956,0.9714285714285714,0.9693251533742331,0.9875,0.978328173374613,3
99,0.11032752962716659,0.12911411886464577,0.9766022380467956,0.9714285714285714,0.9693251533742331,0.9875,0.978328173374613,3
100,0.11025449561214762,0.1289702056241887,0.9766022380467956,0.9714285714285714,0.9693251533742331,0.9875,0.978328173374613,3
1,0.6440488372608216,0.6014443300208266,0.6520854526958291,0.6530612244897959,0.6530612244897959,1.0,0.7901234567901234,4
2,0.4317698520840366,0.30897475392842777,0.7527975584944049,0.9673469387755103,0.9634146341463414,0.9875,0.9753086419753086,4
3,0.22983541235797644,0.20300004064124458,0.9745676500508647,0.9673469387755103,0.9634146341463414,0.9875,0.9753086419753086,4
4,0.15889649753319526,0.16707919460474227,0.9745676500508647,0.9673469387755103,0.9634146341463414,0.9875,0.9753086419753086,4
5,0.1354815841084943,0.15506809683782713,0.9745676500508647,0.9673469387755103,0.9634146341463414,0.9875,0.9753086419753086,4
6,0.12651811183893547,0.14999550120258817,0.9745676500508647,0.9673469387755103,0.9634146341463414,0.9875,0.9753086419753086,4
7,0.12263008050946471,0.14724268105109128,0.9745676500508647,0.9673469387755103,0.9634146341463414,0.9875,0.9753086419753086,4
8,0.11796713096496109,0.1437987030084644,0.9755849440488301,0.9673469387755103,0.9634146341463414,0.9875,0.9753086419753086,4
9,0.11657958961682184,0.13961641539876557,0.9755849440488301,0.9673469387755103,0.9634146341463414,0.9875,0.9753086419753086,4
10,0.11578470843892434,0.1331567393197697,0.9755849440488301,0.9714285714285714,0.9636363636363636,0.99375,0.9784615384615385,4
11,0.11407536992827849,0.13300431877070543,0.9755849440488301,0.9714285714285714,0.9636363636363636,0.99375,0.9784615384615385,4
12,0.11205949047097173,0.13205531022834535,0.9766022380467956,0.9714285714285714,0.9636363636363636,0.99375,0.9784615384615385,4
13,0.11166277217999904,0.1316642224180455,0.9766022380467956,0.9714285714285714,0.9636363636363636,0.99375,0.9784615384615385,4
14,0.11165279190938082,0.13152082047748323,0.9766022380467956,0.9714285714285714,0.9636363636363636,0.99375,0.9784615384615385,4
15,0.11137620297507861,0.1313265266923272,0.9766022380467956,0.9714285714285714,0.9636363636363636,0.99375,0.9784615384615385,4
16,0.11130448485537985,0.13095768208862568,0.9766022380467956,0.9714285714285714,0.9636363636363636,0.99375,0.9784615384615385,4
17,0.11122246458936987,0.1308878968032647,0.9766022380467956,0.9714285714285714,0.9636363636363636,0.99375,0.9784615384615385,4
18,0.11118936446416718,0.13081521784924732,0.9766022380467956,0.9714285714285714,0.9636363636363636,0.99375,0.9784615384615385,4
19,0.11118896757105663,0.13065497323262448,0.9766022380467956,0.9714285714285714,0.9636363636363636,0.99375,0.9784615384615385,4
20,0.11113869383862945,0.1306173751548845,0.9766022380467956,0.9714285714285714,0.9636363636363636,0.99375,0.9784615384615385,4
21,0.11106864511322453,0.13043627781527384,0.9766022380467956,0.9714285714285714,0.9636363636363636,0.99375,0.9784615384615385,4
22,0.11101326356061174,0.1303843448736838,0.9766022380467956,0.9714285714285714,0.9636363636363636,0.99375,0.9784615384615385,4
23,0.11100963399473612,0.13012227834183343,0.9766022380467956,0.9714285714285714,0.9636363636363636,0.99375,0.9784615384615385,4
24,0.11098662483395055,0.13005789136704132,0.9766022380467956,0.9714285714285714,0.9636363636363636,0.99375,0.9784615384615385,4
25,0.11085396507681022,0.1297846719622612,0.9766022380467956,0.9714285714285714,0.9636363636363636,0.99375,0.9784615384615385,4
26,0.11093972917998614,0.12981085172873372,0.9766022380467956,0.9714285714285714,0.9636363636363636,0.99375,0.9784615384615385,4
27,0.11087647886872898,0.12971090571764782,0.9766022380467956,0.9714285714285714,0.9636363636363636,0.99375,0.9784615384615385,4
28,0.11080190501273406,0.12898959988842204,0.9766022380467956,0.9714285714285714,0.9636363636363636,0.99375,0.9784615384615385,4
29,0.11084943259417222,0.12928220200143298,0.9766022380467956,0.9714285714285714,0.9636363636363636,0.99375,0.9784615384615385,4
30,0.11040597596411363,0.1286189272695658,0.9766022380467956,0.9714285714285714,0.9636363636363636,0.99375,0.9784615384615385,4
31,0.11021348103570125,0.1281200474318193,0.9766022380467956,0.9714285714285714,0.9636363636363636,0.99375,0.9784615384615385,4
32,0.109946931830758,0.12657815163993105,0.9766022380467956,0.9714285714285714,0.9636363636363636,0.99375,0.9784615384615385,4
33,0.10898329929040322,0.12390253239748429,0.9766022380467956,0.9714285714285714,0.9636363636363636,0.99375,0.9784615384615385,4
34,0.1090599934448273,0.12287107598112554,0.9755849440488301,0.9714285714285714,0.9636363636363636,0.99375,0.9784615384615385,4
35,0.10618083443519179,0.11804091933430458,0.9766022380467956,0.9714285714285714,0.9636363636363636,0.99375,0.9784615384615385,4
36,0.10372258858074977,0.11376669175770818,0.9766022380467956,0.9714285714285714,0.9636363636363636,0.99375,0.9784615384615385,4
37,0.10146108037002938,0.10876215367901082,0.9766022380467956,0.9714285714285714,0.9636363636363636,0.99375,0.9784615384615385,4
38,0.09830211657776837,0.10587593420427673,0.9766022380467956,0.9714285714285714,0.9636363636363636,0.99375,0.9784615384615385,4
39,0.0958647287241349,0.10290485582485491,0.9766022380467956,0.9714285714285714,0.9636363636363636,0.99375,0.9784615384615385,4
40,0.09408810649480243,0.09943463084649067,0.9766022380467956,0.9714285714285714,0.9636363636363636,0.99375,0.9784615384615385,4
41,0.09158565514812878,0.09608908694009391,0.9766022380467956,0.9714285714285714,0.9636363636363636,0.99375,0.9784615384615385,4
42,0.08874100716718276,0.09241064695679412,0.9766022380467956,0.9714285714285714,0.9636363636363636,0.99375,0.9784615384615385,4
43,0.08469252118941241,0.1008821396727343,0.9766022380467956,0.9714285714285714,0.9636363636363636,0.99375,0.9784615384615385,4
44,0.08328766665882824,0.08413516124900507,0.9766022380467956,0.9714285714285714,0.9636363636363636,0.99375,0.9784615384615385,4
45,0.0786420281915826,0.07923887444241923,0.9766022380467956,0.9714285714285714,0.9636363636363636,0.99375,0.9784615384615385,4
46,0.07222977577730452,0.07265313606785269,0.9766022380467956,0.9714285714285714,0.9636363636363636,0.99375,0.9784615384615385,4
47,0.07063604636441836,0.08038930292336308,0.9766022380467956,0.9714285714285714,0.9636363636363636,0.99375,0.9784615384615385,4
48,0.06657124251896555,0.06898385281769596,0.9786368260427264,0.9836734693877551,0.9814814814814815,0.99375,0.9875776397515528,4
49,0.06447457849964242,0.07164264323988132,0.9796541200406917,0.9795918367346939,0.9754601226993865,0.99375,0.9845201238390093,4
50,0.06567474936314177,0.06236448696605405,0.9776195320447609,0.9714285714285714,0.9872611464968153,0.96875,0.9779179810725552,4
51,0.06337108081258788,0.07003982066347891,0.9816887080366226,0.9836734693877551,0.9814814814814815,0.99375,0.9875776397515528,4
52,0.05953563925514561,0.07274707954148857,0.9837232960325534,0.9836734693877551,0.9814814814814815,0.99375,0.9875776397515528,4
53,0.05795305879220048,0.0733526184280612,0.9816887080366226,0.9836734693877551,0.9814814814814815,0.99375,0.9875776397515528,4
54,0.06236803925682394,0.058163475404892646,0.9806714140386572,0.9836734693877551,0.9814814814814815,0.99375,0.9875776397515528,4
55,0.05924987542752787,0.06791939030268362,0.9786368260427264,0.9836734693877551,0.9814814814814815,0.99375,0.9875776397515528,4
56,0.05899461181426946,0.06498923440064702,0.9837232960325534,0.9918367346938776,0.99375,0.99375,0.99375,4
57,0.05567276019637121,0.06372847742191991,0.982706002034588,0.9755102040816327,0.9935897435897436,0.96875,0.9810126582278481,4
58,0.05920838753362153,0.06093881577253342,0.982706002034588,0.9918367346938776,0.99375,0.99375,0.99375,4
59,0.0569690373827564,0.06240020042703468,0.9816887080366226,0.9918367346938776,0.99375,0.99375,0.99375,4
60,0.05447774136150947,0.06743081587803912,0.9847405900305188,0.9836734693877551,0.9814814814814815,0.99375,0.9875776397515528,4
61,0.04973477384668613,0.0596844886562654,0.9888097660223805,0.9877551020408163,0.9875776397515528,0.99375,0.9906542056074766,4
62,0.051390644521495124,0.06295879855942058,0.987792472024415,0.9836734693877551,0.9814814814814815,0.99375,0.9875776397515528,4
63,0.056364027679057474,0.06927172653377056,0.9847405900305188,0.9755102040816327,0.9935897435897436,0.96875,0.9810126582278481,4
64,0.05800861972531006,0.059140665354017095,0.982706002034588,0.9918367346938776,0.99375,0.99375,0.99375,4
65,0.052862523013246475,0.05839673822023431,0.987792472024415,0.9918367346938776,0.99375,0.99375,0.99375,4
66,0.05254727897685711,0.05730893598413285,0.9847405900305188,0.9918367346938776,0.99375,0.99375,0.99375,4
67,0.0553806350350433,0.05932480022311211,0.9837232960325534,0.9918367346938776,0.99375,0.99375,0.99375,4
68,0.05584827301282879,0.060609540683502446,0.9867751780264497,0.9918367346938776,0.99375,0.99375,0.99375,4
69,0.059422424240255706,0.05919409736952915,0.9816887080366226,0.9918367346938776,0.99375,0.99375,0.99375,4
70,0.05299730914799328,0.058546666742055394,0.9837232960325534,0.9918367346938776,0.99375,0.99375,0.99375,4
71,0.05516661677248056,0.0559027689908232,0.982706002034588,0.9918367346938776,0.99375,0.99375,0.99375,4
72,0.05230922319538823,0.057128890852766984,0.9847405900305188,0.9918367346938776,0.99375,0.99375,0.99375,4
73,0.052207909152101224,0.05851881439626521,0.9857578840284842,0.9918367346938776,0.99375,0.99375,0.99375,4
74,0.05234078229627632,0.05864690822948303,0.9847405900305188,0.9918367346938776,0.99375,0.99375,0.99375,4
75,0.05624550709686605,0.05689454757779532,0.9847405900305188,0.9918367346938776,0.99375,0.99375,0.99375,4
76,0.05261582010477736,0.0659404372530324,0.9867751780264497,0.9836734693877551,0.9814814814814815,0.99375,0.9875776397515528,4
77,0.05267467003470592,0.05796206771415107,0.9847405900305188,0.9918367346938776,0.99375,0.99375,0.99375,4
78,0.05212856062554346,0.058104827627539636,0.9857578840284842,0.9918367346938776,0.99375,0.99375,0.99375,4
79,0.05408498150270929,0.05962570964225701,0.9837232960325534,0.9918367346938776,0.99375,0.99375,0.99375,4
80,0.053819130150656216,0.07412631769369983,0.9837232960325534,0.9836734693877551,0.9814814814814815,0.99375,0.9875776397515528,4
81,0.05598519008255176,0.05692846148027753,0.982706002034588,0.9918367346938776,0.99375,0.99375,0.99375,4
82,0.05238859310565234,0.07198130712198207,0.9857578840284842,0.9836734693877551,0.9814814814814815,0.99375,0.9875776397515528,4
83,0.05259362724159644,0.05913466349130078,0.9857578840284842,0.9918367346938776,0.99375,0.99375,0.99375,4
84,0.05234631083551358,0.05770411701606853,0.9857578840284842,0.9918367346938776,0.99375,0.99375,0.99375,4
85,0.05192628704624427,0.06874289702700109,0.9847405900305188,0.9836734693877551,0.9814814814814815,0.99375,0.9875776397515528,4
86,0.05702620899562448,0.06875165497399487,0.982706002034588,0.9836734693877551,0.9814814814814815,0.99375,0.9875776397515528,4
87,0.0526995974948624,0.06114532342323159,0.9847405900305188,0.9918367346938776,0.99375,0.99375,0.99375,4
88,0.04932970355031775,0.056579674623564495,0.9867751780264497,0.9918367346938776,0.99375,0.99375,0.99375,4
89,0.05311319766005279,0.0562967225776187,0.9837232960325534,0.9918367346938776,0.99375,0.99375,0.99375,4
90,0.04875061035559855,0.07450726867168761,0.9888097660223805,0.9836734693877551,0.9814814814814815,0.99375,0.9875776397515528,4
91,0.05037520397506609,0.0637126336166426,0.987792472024415,0.9836734693877551,0.9814814814814815,0.99375,0.9875776397515528,4
92,0.051928162196270236,0.06751107416443565,0.9847405900305188,0.9836734693877551,0.9814814814814815,0.99375,0.9875776397515528,4
93,0.04886143912966501,0.0821715796366334,0.987792472024415,0.9836734693877551,0.9814814814814815,0.99375,0.9875776397515528,4
94,0.05466443638384554,0.05552785339366113,0.9857578840284842,0.9918367346938776,0.99375,0.99375,0.99375,4
95,0.05327872768407337,0.057010053580018635,0.9847405900305188,0.9918367346938776,0.99375,0.99375,0.99375,4
96,0.05250182464678079,0.058129549525412064,0.9857578840284842,0.9918367346938776,0.99375,0.99375,0.99375,4
97,0.05321135045155231,0.06390112822172136,0.9867751780264497,0.9755102040816327,0.9935897435897436,0.96875,0.9810126582278481,4
98,0.05271004789721103,0.06158384260654982,0.9837232960325534,0.9918367346938776,0.99375,0.99375,0.99375,4
99,0.05197375536553319,0.058036067477446426,0.9857578840284842,0.9836734693877551,0.9936708860759493,0.98125,0.9874213836477987,4
100,0.05413260926219653,0.06947392451728941,0.982706002034588,0.9836734693877551,0.9814814814814815,0.99375,0.9875776397515528,4
